Recommendation,Tag
1,22
1,48
1,240
1,101
1,59
1,356
1,350
1,21
1,226
2,291
2,109
2,59
2,104
2,287
2,303
4,60
4,354
5,139
5,170
5,259
5,245
5,4
5,111
5,18
5,343
5,201
5,106
7,129
7,356
7,350
7,21
8,10
8,89
8,21
8,352
8,143
8,151
8,356
8,350
9,245
9,4
9,111
9,259
9,347
9,354
9,201
9,147
9,67
9,139
9,137
9,343
9,40
9,60
9,134
9,349
9,329
9,110
9,68
10,354
10,245
10,60
10,95
10,175
10,170
10,139
10,73
10,329
10,110
11,335
11,213
11,257
11,221
11,91
11,383
11,79
11,340
11,292
12,85
12,150
12,59
12,153
12,367
12,333
12,104
12,2
12,303
12,338
13,32
13,190
13,92
13,39
13,149
13,246
14,254
14,214
14,310
14,333
14,349
14,79
14,340
15,70
15,356
15,350
15,245
15,21
15,134
15,44
16,94
16,74
16,79
16,340
17,106
17,348
17,137
17,259
17,111
17,52
17,230
17,232
17,18
17,4
17,343
17,201
18,206
18,4
18,111
18,338
18,104
18,343
18,241
18,201
18,356
18,350
18,21
18,337
19,5
19,197
19,356
19,350
19,21
19,43
19,297
20,383
20,74
20,94
20,91
20,221
20,79
20,340
20,292
21,312
21,168
21,245
21,4
21,111
21,51
21,228
21,343
21,201
21,329
21,110
22,255
22,13
22,349
22,329
22,110
23,70
23,356
23,350
23,60
23,74
23,94
23,354
23,21
23,134
23,79
23,340
23,44
24,190
24,263
24,229
24,53
24,314
24,275
24,137
24,154
24,246
24,384
24,32
24,270
25,54
25,236
25,356
25,350
25,21
25,123
26,94
26,74
26,221
26,296
26,91
26,79
26,340
27,48
27,296
27,14
27,213
27,332
27,79
27,340
29,293
29,23
29,256
29,333
29,142
29,360
29,112
29,246
30,109
30,245
30,147
30,195
30,170
30,356
30,350
30,98
30,169
30,287
30,21
30,13
30,329
30,110
32,60
32,239
32,89
32,87
32,354
32,349
32,310
33,305
33,370
33,321
33,170
33,175
33,60
33,39
33,354
33,329
33,110
33,308
34,198
34,78
34,356
34,350
34,310
34,349
34,21
34,88
34,248
34,329
34,110
35,291
35,88
35,325
35,356
35,350
35,21
35,248
36,291
36,59
36,48
36,22
36,169
36,183
36,356
36,350
36,21
36,338
37,271
37,245
37,356
37,350
37,223
37,112
37,95
37,158
37,310
37,281
37,349
37,21
37,73
37,250
37,267
37,329
37,110
38,210
38,91
38,221
38,296
38,79
38,340
39,60
39,78
39,198
39,245
39,356
39,350
39,354
39,310
39,349
39,21
39,79
39,340
39,292
40,259
40,8
40,291
40,56
40,272
40,329
40,110
41,198
41,78
41,219
41,304
41,55
41,282
41,348
41,356
41,350
41,73
41,310
41,349
41,21
41,155
41,95
41,230
41,232
43,55
43,223
43,80
43,23
43,176
43,142
43,73
43,112
43,155
43,95
43,329
43,110
44,376
44,379
44,140
44,59
44,356
44,350
44,21
45,352
45,89
45,262
45,21
45,143
45,356
45,350
45,151
46,245
46,109
46,155
46,233
46,19
46,287
46,34
46,329
46,110
48,109
48,354
48,28
48,362
48,172
48,233
48,380
48,111
48,155
48,19
48,175
48,287
48,343
48,201
48,60
48,34
48,171
48,329
48,110
49,152
49,292
49,168
49,36
49,353
49,179
49,284
49,246
51,304
51,247
51,6
51,99
51,270
51,246
51,279
51,185
52,364
52,109
52,138
52,99
52,190
52,287
52,104
52,303
52,270
53,307
53,250
53,291
53,158
53,35
53,137
53,259
53,4
53,343
53,201
53,329
53,110
54,338
54,348
54,267
54,150
54,246
55,250
55,82
55,237
55,333
55,231
55,329
55,110
56,343
56,357
56,362
56,215
56,201
56,356
56,350
57,330
57,386
57,131
57,381
57,274
57,356
57,350
58,215
58,188
58,374
58,99
58,190
58,54
58,356
58,350
58,270
59,276
59,128
59,127
59,374
59,264
59,95
59,158
59,356
59,350
59,21
59,73
60,161
60,70
60,89
60,239
60,356
60,350
60,21
60,134
60,44
61,215
61,362
61,155
61,55
61,118
61,125
61,73
61,356
61,350
61,95
61,11
62,386
62,274
62,59
62,356
62,350
63,132
63,18
63,202
63,115
63,93
63,343
63,51
63,11
63,348
63,201
63,314
63,106
63,294
63,164
64,217
64,106
64,74
64,118
64,116
64,18
64,11
64,212
66,270
66,360
66,171
66,18
66,106
66,380
67,354
67,245
67,25
67,60
67,79
67,340
67,292
68,354
68,165
68,172
68,7
68,60
68,79
68,340
69,252
69,206
69,147
69,258
69,349
69,79
69,340
69,337
69,107
69,310
70,67
70,376
70,379
70,98
70,63
70,356
70,350
70,21
70,40
70,134
70,349
70,310
70,68
71,135
71,260
71,206
71,356
71,350
71,21
71,337
72,109
72,259
72,122
72,95
72,287
72,4
72,343
72,201
72,73
72,329
72,110
73,245
73,4
73,111
73,51
73,81
73,374
73,126
73,70
73,161
73,48
73,10
73,87
73,343
73,201
73,134
73,79
73,340
73,292
73,349
73,310
74,104
74,274
74,20
74,375
74,329
74,110
75,347
75,168
75,250
75,356
75,350
75,21
75,158
76,109
76,12
76,341
76,36
76,21
76,287
76,350
76,329
76,110
77,111
77,343
77,201
77,356
77,350
77,21
78,190
78,136
78,29
78,96
78,270
78,246
78,99
79,109
79,287
79,12
79,341
79,329
79,110
80,104
80,303
80,376
80,98
80,17
80,161
80,16
80,379
81,374
81,33
81,382
81,36
81,70
81,353
81,126
81,51
81,134
81,79
81,340
81,44
82,190
82,99
82,271
82,281
82,270
82,246
83,161
83,361
83,45
83,127
83,3
83,70
83,128
83,239
83,225
83,356
83,350
83,21
83,134
83,44
84,44
84,161
84,48
84,356
84,350
84,21
84,70
85,199
85,273
85,358
85,25
85,356
85,350
85,21
86,78
86,198
86,384
86,60
86,354
86,310
86,18
86,349
86,106
87,94
87,318
87,79
87,340
88,36
88,353
88,89
88,206
88,60
88,354
88,79
88,340
88,337
89,190
89,325
89,246
90,355
90,297
90,356
90,246
90,43
90,5
91,273
91,149
91,220
91,280
91,242
91,277
91,189
91,356
91,350
91,21
91,325
94,189
94,306
94,98
94,17
94,63
94,145
94,356
94,350
94,21
92,347
92,207
92,142
92,250
92,314
92,23
92,246
92,158
92,11
92,53
93,51
93,257
93,356
93,350
93,21
95,206
95,258
95,359
95,18
95,106
95,337
95,107
96,142
96,70
96,67
96,68
96,21
96,60
96,354
96,40
96,134
96,349
96,23
96,44
97,203
97,7
97,249
97,349
97,328
97,24
97,244
97,316
97,304
97,72
97,285
97,13
97,142
98,226
98,332
98,46
98,104
98,240
98,303
100,308
100,321
100,149
103,41
103,58
103,347
103,329
103,110
104,245
104,60
104,168
104,78
104,198
104,32
104,250
104,104
104,303
104,354
104,310
104,173
104,349
104,346
104,329
104,110
105,335
105,334
105,246
105,9
106,100
106,347
106,207
106,329
106,110
108,194
108,187
108,98
108,339
108,169
108,48
108,356
108,350
108,21
109,205
109,345
109,259
109,132
109,108
109,77
109,268
109,18
109,4
109,343
109,201
109,106
109,353
109,294
109,342
110,76
110,299
110,114
110,148
110,84
110,174
110,329
110,110
111,94
111,271
111,281
111,79
111,340
111,292
112,251
112,234
112,347
112,259
112,4
112,343
112,201
112,329
112,110
113,251
113,234
113,347
113,157
113,7
113,113
113,329
113,110
114,348
114,137
114,259
114,226
114,329
114,110
115,7
115,240
115,320
115,348
115,137
115,226
115,329
115,110
116,358
116,306
116,65
116,121
116,161
116,98
116,169
116,272
116,329
116,110
117,348
117,52
117,311
117,55
117,118
117,155
117,267
117,355
117,230
117,232
117,73
117,95
117,11
117,329
117,110
118,314
118,148
118,134
118,57
118,353
118,70
118,147
118,11
118,329
118,110
118,44
119,353
119,264
119,21
119,44
119,70
119,50
119,67
119,40
119,239
119,350
119,134
119,349
119,310
119,329
119,110
119,68
120,137
120,207
120,283
120,192
120,226
120,49
120,103
120,329
120,110
121,48
121,279
121,94
121,79
121,340
121,185
121,247
122,181
122,222
122,356
122,350
122,21
123,371
123,377
123,379
123,104
123,356
123,350
123,21
123,376
124,98
124,63
124,89
124,356
124,350
124,21
125,298
125,21
125,353
125,356
125,350
126,350
126,322
126,257
126,171
126,160
126,259
126,123
126,283
126,119
126,356
126,21
126,103
127,15
127,67
127,161
127,356
127,350
127,21
127,40
127,134
127,349
127,68
128,166
128,31
128,268
128,132
128,245
128,69
128,252
128,349
128,294
128,184
128,134
128,310
128,329
128,110
129,170
129,111
129,369
129,372
129,343
129,201
129,246
130,345
130,311
130,342
130,130
130,175
130,267
130,11
130,314
130,164
130,329
130,110
131,348
131,132
131,108
131,268
131,18
131,106
131,353
131,294
132,207
132,103
132,124
132,283
132,329
132,110
133,267
133,108
133,274
133,268
133,32
133,353
133,209
133,60
133,354
133,18
133,106
134,108
134,274
134,32
134,268
134,18
134,106
134,353
136,48
136,376
136,379
136,104
136,303
137,69
137,198
137,21
137,89
137,60
137,354
137,134
138,145
138,376
138,379
138,104
138,303
139,127
139,47
140,56
140,356
140,350
140,21
140,272
140,8
141,48
141,288
141,152
141,62
141,104
141,303
141,301
142,107
142,191
142,133
142,36
142,356
142,350
142,21
142,258
142,42
143,91
143,221
143,94
143,74
143,79
143,340
144,261
144,27
144,323
144,37
144,239
144,147
144,253
145,240
145,60
145,94
145,46
145,354
145,226
145,246
146,259
146,12
146,109
146,287
146,341
146,246
147,109
147,54
147,287
147,246
148,207
148,331
148,356
148,350
148,21
149,123
149,94
149,46
149,119
149,79
149,340
149,292
150,259
150,14
150,70
150,106
150,18
150,332
150,134
150,44
151,14
151,259
151,348
151,137
151,94
151,46
151,332
151,79
151,340
151,292
151,226
152,221
152,254
152,104
152,329
152,110
153,60
153,98
153,63
153,176
153,161
153,17
153,354
153,329
153,110
154,243
154,204
154,14
154,104
154,303
154,332
155,350
155,322
155,257
155,171
155,160
155,259
155,123
155,283
155,119
155,356
155,21
155,103
156,31
156,115
156,111
156,302
156,343
156,201
156,95
156,329
156,110
157,14
157,259
157,36
157,353
157,300
157,248
157,88
157,4
157,343
157,201
157,111
157,332
157,90
157,329
157,110
158,211
158,200
158,372
158,106
158,259
158,74
158,18
158,4
158,343
158,201
158,111
159,259
159,106
159,66
159,18
159,4
159,343
159,201
159,134
160,176
160,168
160,329
160,110
161,169
161,48
161,63
161,89
161,356
161,350
161,21
162,60
162,158
162,175
162,70
162,161
162,235
162,289
162,353
162,354
162,134
162,250
162,329
162,110
162,44
163,60
163,170
163,239
163,1
163,353
163,303
163,21
163,354
163,329
163,110
163,89
164,303
164,104
164,12
164,109
164,36
164,239
164,287
164,341
165,259
165,309
165,4
165,343
165,201
165,246
166,108
166,12
166,109
166,220
166,268
166,18
166,287
166,106
166,353
166,341
167,315
167,21
167,356
167,350
168,163
168,235
168,353
168,356
168,350
168,21
169,227
169,385
169,296
169,356
169,350
169,21
169,241
170,123
170,189
170,149
170,43
170,356
170,350
170,21
170,5
170,297
171,348
171,109
171,12
171,324
171,342
171,345
171,287
171,341
171,246
172,60
172,12
172,94
172,25
172,170
172,175
172,97
172,61
172,354
172,341
172,79
172,340
172,292
172,297
172,5
173,170
173,259
173,86
173,239
173,278
173,159
173,235
173,353
173,296
173,275
173,4
173,343
173,201
173,111
173,279
173,329
173,110
175,345
175,342
175,324
175,170
175,303
175,348
175,329
175,110
176,366
176,259
176,32
176,190
176,216
176,91
176,158
176,267
176,329
176,110
177,238
177,32
177,190
177,216
177,221
177,329
177,110
178,345
178,342
178,324
178,176
178,348
178,329
178,110
179,363
179,178
179,184
179,356
179,350
179,21
179,226
180,104
180,303
180,306
181,149
181,367
181,150
181,127
181,22
181,59
181,140
181,104
181,2
181,303
181,338
183,218
183,74
183,285
183,329
183,110
184,39
184,108
184,132
184,90
184,164
184,268
184,18
184,11
184,314
184,106
184,353
184,294
184,88
184,290
185,203
185,120
185,4
185,373
185,186
185,349
185,310
186,265
186,74
186,146
186,258
186,6
186,42
186,107
186,329
186,110
187,149
187,317
187,232
187,310
187,245
187,155
187,175
187,49
187,349
187,192
187,52
187,246
188,55
188,38
188,198
188,78
188,73
188,310
188,349
188,95
189,127
189,220
189,259
189,280
189,105
189,158
189,71
189,103
189,326
189,4
189,343
189,201
189,111
189,250
189,246
190,259
190,240
190,226
190,94
190,184
190,246
191,167
191,364
191,158
191,104
191,303
191,21
191,356
191,350
191,250
192,103
192,207
192,348
192,73
192,345
192,342
192,324
192,95
192,283
193,345
193,342
193,324
193,60
193,354
193,348
193,329
193,110
194,355
194,23
194,176
194,94
194,74
194,142
194,112
194,79
194,340
194,292
195,94
195,74
195,79
195,340
196,95
196,304
196,346
196,360
196,173
196,73
196,230
197,149
197,355
197,246
198,30
198,241
198,144
198,48
198,356
198,350
198,21
199,102
199,94
199,74
199,79
199,340
199,224
200,66
200,106
200,259
200,18
200,4
200,343
200,201
200,134